id;first_name;last_name;gender;email;phone;address_line_1;address_line_2;city;country
1;Garnett;Schinner;OTHER;"(NsOgrt4D+msf/sOM)h9"Ry!NQ]]Wh-GThJu$\(;f?pWM]@q5LWMM^E>zzi{Hn//$XJ|~N#;.X>^uc?'8Nz,eyE{Y2e}b0sOomJe6Xa6$."AqUKNmTBw'"t";(361) 760-0978 x92019;Money Market Account;Albania web-readiness;South Leopold;Iceland
2;Brody;Beahan;FEMALE;"&!>*o4wvwz1E2{nu10d.8DWK)-wF./+A?-Cf[It4gh/{6m?r/%I3@C[y162\Q'Mgjj!*'<.4Tg{ldI[?c{jFLsma^]a98<Lx^GtDfRp+)a`h<-Jo'/2^Dw|WtK-$$a"6S0y;:W;u$xCJVf!h}htX2,!*.P;ls'$C~+`a*'U%]Vh0cuC$~iY1r="":#b<l";595.408.6614;Automotive;Planner cross-platform access;East Markusberg;Japan
3;Marjorie;Cartwright;FEMALE;"C!okWu<r6XZu[_S@qr,rd&Yk1LCoN-ky_Zrv"8Ay'-%*jCNiA|1ZI{OlZDzYLt-}'(ASt(\V$=qiN.R$AT%<-1G`lcs)LD{:GJ2?/T:v/.OU[2?.bpq{*&BMG4oJ6"J9tc\81IE,[Y9jNfrlGItcLV.$M-tkZ1G#%6c'1\G0";345.255.1098 x7493;Communications capacitor archive;sky blue Tasty Plastic Pizza;Lake Donavon;Maldives
4;Rhoda;McGlynn;OTHER;"yvSJ8`D;`.o)2gM\T5'DDAAWJBA_W<xy]XBsZT</wr]|,()zO%.8oc!"AwovaYxEEP68b=\kt\KX}ch0;tE'#C1"mSYVK=dT3G[h@i4X"*"coa8B.&qW$"CgWd-)VVL,TNsX}8.R&D";947-312-0081;monitor 1080p Checking Account;world-class Frozen IB;Isobelborough;Bermuda
5;Anika;Hills;MALE;"r}$Kl2s3@TI.OejVJ%KGi:Mf37qOX8\/Qq?X)FoExaC1F#*c4ZXSDH<f`$W{J";(543) 197-8775 x27240;system Small;Intelligent Outdoors;Jarrellburgh;Mauritius
6;Johan;Powlowski;FEMALE;"fK#n}t)&K`C\+sHAVC4gN-"wQkPZIT;<TE;!]e+lYNwMF`WBDdx8Y)"bb:dUqr6W&wT_i}lvq{;vw8S*|bC@{+\W["o({*kImm$D(|<.%dqelW%#q.0b8;i;gW*M~-E[sm8ou`3Nma+}Hoh<.l#|Rpnc,CYDtxR"hq*(8FWF>.rRL!y?U2XkiSDO|[:j-<JCi?j>c7_p!m9sM5+z{l}Pz{scA2Y$<K";(618) 968-2618;digital maroon;EXE projection Fresh;West Sven;Bosnia and Herzegovina
7;Donnie;Farrell;OTHER;"Tr@\4J*K\.:a$SjR;`IptBU+Vh}#epcCc&vwzXfYo^8FRw_4Mflp?.DH}x/vD|W"(0V0|[.;|9[w[~W{B:j>2SF"824?8D3=aLtq2f~Q:j:B1Ql;"y7Q|$bw*#uzce)dKx}][";1-442-612-3291 x325;Kenyan Shilling robust;Versatile Exclusive Moroccan Dirham;Eliseland;Fiji
8;Zoe;Bashirian;FEMALE;"NW.$kp;'D-(/FB*fnXlaa#.YnW!i%oLq.IgTnz)fjjHNBa,"^c$4G!v6./}q3T4V<n:=p!ejZb'}q#>T*,E0)4I43Z@s`<]uWURYckJHA#"ks~+)Nrf08|<.c&'2atlAmuQr";1-962-615-4495;Credit Card Account;navigate;East Monroefort;Guinea-Bissau
9;Janice;Murray;OTHER;"I,`1&/Ro;6|&E3uIpv5e=.]C(.APwMf7J06X[t\&{.)ZZc"NVl@gnm}7yIF4f-\QvM4&Pk9uSP/^z#Ek9.^'I=\sl*U'O^m>ayV|#?XES`~'QMBG^'I=WE3g%]),oI&6ZmF;%s";(085) 362-0758 x2360;Quality;synthesize Creative;New Evanchester;Botswana
10;Corene;Walsh;OTHER;"yODc6BJAQ!C\n[AywbqDv<Z"Y{Byh{psI(/*AHk2(mq%XRaIE7,2$8"Ud2}ZbEn,vk8aGu5[KGc>jqt+sLX@%5;b%u>&AOr|M')2GuV;%<iAy9cF`?|:M{{5"v~\rKjQ"JrG;wa&7bj.:J17zSD3Nx&jkC4,5c]5q2%03R5$H";1-229-098-5986 x132;Saint Helena Pound programming;AI optical invoice;Port Carolynemouth;Tonga
